point_id,point_key,point_name_ja,pref_key,pref_name_ja,subprefecture
11001,soyamisaki,宗谷岬,soya,宗谷地方,宗谷
11016,wakkanai,稚内,soya,宗谷地方,宗谷
11046,rebun,礼文,soya,宗谷地方,宗谷
11076,hamaonishibetsu,浜鬼志別,soya,宗谷地方,宗谷
11121,numakawa,沼川,soya,宗谷地方,宗谷
11151,kutsugata,沓形,soya,宗谷地方,宗谷
11176,toyotomi,豊富,soya,宗谷地方,宗谷
11206,hamatombetsu,浜頓別,soya,宗谷地方,宗谷
11276,nakatombetsu,中頓別,soya,宗谷地方,宗谷
11291,kitami-esashi,北見枝幸,soya,宗谷地方,宗谷
11316,utanobori,歌登,soya,宗谷地方,宗谷
12011,nakagawa,中川,kamikawa-rumoi,上川・留萌地方,上川
12041,otoineppu,音威子府,kamikawa-rumoi,上川・留萌地方,上川
12141,bifuka,美深,kamikawa-rumoi,上川・留萌地方,上川
12181,nayoro,名寄,kamikawa-rumoi,上川・留萌地方,上川
12231,shimokawa,下川,kamikawa-rumoi,上川・留萌地方,上川
12261,shibetsu,士別,kamikawa-rumoi,上川・留萌地方,上川
12266,asahi,朝日,kamikawa-rumoi,上川・留萌地方,上川
12301,wassamu,和寒,kamikawa-rumoi,上川・留萌地方,上川
12386,etambetsu,江丹別,kamikawa-rumoi,上川・留萌地方,上川
12396,pippu,比布,kamikawa-rumoi,上川・留萌地方,上川
12411,kamikawa,上川,kamikawa-rumoi,上川・留萌地方,上川
12442,asahikawa,旭川,kamikawa-rumoi,上川・留萌地方,上川
12451,higashikawa,東川,kamikawa-rumoi,上川・留萌地方,上川
12512,shibinai,志比内,kamikawa-rumoi,上川・留萌地方,上川
12551,biei,美瑛,kamikawa-rumoi,上川・留萌地方,上川
12596,kamifurano,上富良野,kamikawa-rumoi,上川・留萌地方,上川
12626,furano,富良野,kamikawa-rumoi,上川・留萌地方,上川
12632,rokugo,麓郷,kamikawa-rumoi,上川・留萌地方,上川
12691,ikutora,幾寅,kamikawa-rumoi,上川・留萌地方,上川
12746,shimukappu,占冠,kamikawa-rumoi,上川・留萌地方,上川
15041,shumarinai,朱鞠内,kamikawa-rumoi,上川・留萌地方,上川
15076,horokanai,幌加内,kamikawa-rumoi,上川・留萌地方,上川
13061,teshio,天塩,kamikawa-rumoi,上川・留萌地方,留萌
13086,embetsu,遠別,kamikawa-rumoi,上川・留萌地方,留萌
13121,shosambetsu,初山別,kamikawa-rumoi,上川・留萌地方,留萌
13146,yagishiri,焼尻,kamikawa-rumoi,上川・留萌地方,留萌
13181,haboro,羽幌,kamikawa-rumoi,上川・留萌地方,留萌
13261,tappu,達布,kamikawa-rumoi,上川・留萌地方,留萌
13277,rumoi,留萌,kamikawa-rumoi,上川・留萌地方,留萌
13311,mashike,増毛,kamikawa-rumoi,上川・留萌地方,留萌
13321,horonuka,幌糠,kamikawa-rumoi,上川・留萌地方,留萌
14026,hamamasu,浜益,ishikari-sorachi-shiribeshi,石狩・空知・後志地方,石狩
14071,atsuta,厚田,ishikari-sorachi-shiribeshi,石狩・空知・後志地方,石狩
14101,shinshinotsu,新篠津,ishikari-sorachi-shiribeshi,石狩・空知・後志地方,石狩
14116,yamaguchi,山口,ishikari-sorachi-shiribeshi,石狩・空知・後志地方,石狩
14121,ishikari,石狩,ishikari-sorachi-shiribeshi,石狩・空知・後志地方,石狩
14136,ebetsu,江別,ishikari-sorachi-shiribeshi,石狩・空知・後志地方,石狩
14163,sapporo,札幌,ishikari-sorachi-shiribeshi,石狩・空知・後志地方,石狩
14206,eniwashimamatsu,恵庭島松,ishikari-sorachi-shiribeshi,石狩・空知・後志地方,石狩
14286,shikotsukohan,支笏湖畔,ishikari-sorachi-shiribeshi,石狩・空知・後志地方,石狩
15116,ishikarinumata,石狩沼田,ishikari-sorachi-shiribeshi,石狩・空知・後志地方,空知
15156,chippubetsu,秩父別,ishikari-sorachi-shiribeshi,石狩・空知・後志地方,空知
15161,fukagawa,深川,ishikari-sorachi-shiribeshi,石狩・空知・後志地方,空知
15231,sorachiyoshino,空知吉野,ishikari-sorachi-shiribeshi,石狩・空知・後志地方,空知
15241,takikawa,滝川,ishikari-sorachi-shiribeshi,石狩・空知・後志地方,空知
15251,ashibetsu,芦別,ishikari-sorachi-shiribeshi,石狩・空知・後志地方,空知
15311,tsukigata,月形,ishikari-sorachi-shiribeshi,石狩・空知・後志地方,空知
15321,bibai,美唄,ishikari-sorachi-shiribeshi,石狩・空知・後志地方,空知
15356,iwamizawa,岩見沢,ishikari-sorachi-shiribeshi,石狩・空知・後志地方,空知
15431,naganuma,長沼,ishikari-sorachi-shiribeshi,石狩・空知・後志地方,空知
15442,yubari,夕張,ishikari-sorachi-shiribeshi,石狩・空知・後志地方,空知
16026,bikuni,美国,ishikari-sorachi-shiribeshi,石狩・空知・後志地方,後志
16061,kamoenai,神恵内,ishikari-sorachi-shiribeshi,石狩・空知・後志地方,後志
16076,yoichi,余市,ishikari-sorachi-shiribeshi,石狩・空知・後志地方,後志
16091,otaru,小樽,ishikari-sorachi-shiribeshi,石狩・空知・後志地方,後志
16156,kyowa,共和,ishikari-sorachi-shiribeshi,石狩・空知・後志地方,後志
16206,rankoshi,蘭越,ishikari-sorachi-shiribeshi,石狩・空知・後志地方,後志
16217,kutchan,倶知安,ishikari-sorachi-shiribeshi,石狩・空知・後志地方,後志
16252,suttsu,寿都,ishikari-sorachi-shiribeshi,石狩・空知・後志地方,後志
16281,makkari,真狩,ishikari-sorachi-shiribeshi,石狩・空知・後志地方,後志
16286,kimobetsu,喜茂別,ishikari-sorachi-shiribeshi,石狩・空知・後志地方,後志
16321,kuromatsunai,黒松内,ishikari-sorachi-shiribeshi,石狩・空知・後志地方,後志
17036,omu,雄武,abashiri-kitami-mombetsu,網走・北見・紋別地方,ｵﾎｰﾂｸ
17076,okoppe,興部,abashiri-kitami-mombetsu,網走・北見・紋別地方,ｵﾎｰﾂｸ
17091,nishi-okoppe,西興部,abashiri-kitami-mombetsu,網走・北見・紋別地方,ｵﾎｰﾂｸ
17112,mombetsu,紋別,abashiri-kitami-mombetsu,網走・北見・紋別地方,ｵﾎｰﾂｸ
17166,yubetsu,湧別,abashiri-kitami-mombetsu,網走・北見・紋別地方,ｵﾎｰﾂｸ
17196,takinoue,滝上,abashiri-kitami-mombetsu,網走・北見・紋別地方,ｵﾎｰﾂｸ
17246,tokoro,常呂,abashiri-kitami-mombetsu,網走・北見・紋別地方,ｵﾎｰﾂｸ
17306,engaru,遠軽,abashiri-kitami-mombetsu,網走・北見・紋別地方,ｵﾎｰﾂｸ
17316,saroma,佐呂間,abashiri-kitami-mombetsu,網走・北見・紋別地方,ｵﾎｰﾂｸ
17341,abashiri,網走,abashiri-kitami-mombetsu,網走・北見・紋別地方,ｵﾎｰﾂｸ
17351,utoro,宇登呂,abashiri-kitami-mombetsu,網走・北見・紋別地方,ｵﾎｰﾂｸ
17482,shirataki,白滝,abashiri-kitami-mombetsu,網走・北見・紋別地方,ｵﾎｰﾂｸ
17501,ikutahara,生田原,abashiri-kitami-mombetsu,網走・北見・紋別地方,ｵﾎｰﾂｸ
17521,kitami,北見,abashiri-kitami-mombetsu,網走・北見・紋別地方,ｵﾎｰﾂｸ
17546,koshimizu,小清水,abashiri-kitami-mombetsu,網走・北見・紋別地方,ｵﾎｰﾂｸ
17561,shari,斜里,abashiri-kitami-mombetsu,網走・北見・紋別地方,ｵﾎｰﾂｸ
17596,rubeshibe,留辺蘂,abashiri-kitami-mombetsu,網走・北見・紋別地方,ｵﾎｰﾂｸ
17607,sakaino,境野,abashiri-kitami-mombetsu,網走・北見・紋別地方,ｵﾎｰﾂｸ
17631,bihoro,美幌,abashiri-kitami-mombetsu,網走・北見・紋別地方,ｵﾎｰﾂｸ
17717,tsubetsu,津別,abashiri-kitami-mombetsu,網走・北見・紋別地方,ｵﾎｰﾂｸ
18038,rausu,羅臼,kushiro-nemuro,釧路・根室地方,根室
18136,shibetsu,標津,kushiro-nemuro,釧路・根室地方,根室
18161,kamishibetsu,上標津,kushiro-nemuro,釧路・根室地方,根室
18171,nakashibetsu,中標津,kushiro-nemuro,釧路・根室地方,根室
18256,betsukai,別海,kushiro-nemuro,釧路・根室地方,根室
18273,nemuro,根室,kushiro-nemuro,釧路・根室地方,根室
18281,nosappu,納沙布,kushiro-nemuro,釧路・根室地方,根室
18311,attoko,厚床,kushiro-nemuro,釧路・根室地方,根室
19021,kawayu,川湯,kushiro-nemuro,釧路・根室地方,釧路
19051,teshikaga,弟子屈,kushiro-nemuro,釧路・根室地方,釧路
19076,akankohan,阿寒湖畔,kushiro-nemuro,釧路・根室地方,釧路
19151,shibecha,標茶,kushiro-nemuro,釧路・根室地方,釧路
19191,tsurui,鶴居,kushiro-nemuro,釧路・根室地方,釧路
19261,nakateshibetsu,中徹別,kushiro-nemuro,釧路・根室地方,釧路
19311,sakakimachi,榊町,kushiro-nemuro,釧路・根室地方,釧路
19376,ota,太田,kushiro-nemuro,釧路・根室地方,釧路
19416,shiranuka,白糠,kushiro-nemuro,釧路・根室地方,釧路
19432,kushiro,釧路,kushiro-nemuro,釧路・根室地方,釧路
19451,chippomanai,知方学,kushiro-nemuro,釧路・根室地方,釧路
20146,rikubetsu,陸別,tokachi,十勝地方,十勝
20186,nukabira-gensenkyo,ぬかびら源泉郷,tokachi,十勝地方,十勝
20266,kamishihoro,上士幌,tokachi,十勝地方,十勝
20276,ashoro,足寄,tokachi,十勝地方,十勝
20341,hombetsu,本別,tokachi,十勝地方,十勝
20356,shintoku,新得,tokachi,十勝地方,十勝
20361,shikaoi,鹿追,tokachi,十勝地方,十勝
20371,komaba,駒場,tokachi,十勝地方,十勝
20421,memuro,芽室,tokachi,十勝地方,十勝
20432,obihiro,帯広,tokachi,十勝地方,十勝
20441,ikeda,池田,tokachi,十勝地方,十勝
20506,urahoro,浦幌,tokachi,十勝地方,十勝
20556,nukanai,糠内,tokachi,十勝地方,十勝
20601,kamisatsunai,上札内,tokachi,十勝地方,十勝
20606,sarabetsu,更別,tokachi,十勝地方,十勝
20631,otsu,大津,tokachi,十勝地方,十勝
20696,taiki,大樹,tokachi,十勝地方,十勝
20751,hiro-o,広尾,tokachi,十勝地方,十勝
21111,atsuma,厚真,iburi-hidaka,胆振・日高地方,胆振
21126,hobetsu,穂別,iburi-hidaka,胆振・日高地方,胆振
21161,otaki,大滝,iburi-hidaka,胆振・日高地方,胆振
21171,morino,森野,iburi-hidaka,胆振・日高地方,胆振
21187,tomakomai,苫小牧,iburi-hidaka,胆振・日高地方,胆振
21226,okishi,大岸,iburi-hidaka,胆振・日高地方,胆振
21261,shiraoi,白老,iburi-hidaka,胆振・日高地方,胆振
21276,mukawa,鵡川,iburi-hidaka,胆振・日高地方,胆振
21297,date,伊達,iburi-hidaka,胆振・日高地方,胆振
21312,noboribetsu,登別,iburi-hidaka,胆振・日高地方,胆振
21323,muroran,室蘭,iburi-hidaka,胆振・日高地方,胆振
22036,hidaka,日高,iburi-hidaka,胆振・日高地方,日高
22141,hidaka-mombetsu,日高門別,iburi-hidaka,胆振・日高地方,日高
22156,shinwa,新和,iburi-hidaka,胆振・日高地方,日高
22241,shizunai,静内,iburi-hidaka,胆振・日高地方,日高
22291,mitsuishi,三石,iburi-hidaka,胆振・日高地方,日高
22306,nakakineusu,中杵臼,iburi-hidaka,胆振・日高地方,日高
22327,urakawa,浦河,iburi-hidaka,胆振・日高地方,日高
22391,erimomisaki,えりも岬,iburi-hidaka,胆振・日高地方,日高
23031,oshamambe,長万部,oshima-hiyama,渡島・檜山地方,渡島
23086,yakumo,八雲,oshima-hiyama,渡島・檜山地方,渡島
23166,mori,森,oshima-hiyama,渡島・檜山地方,渡島
23206,kakkumi,川汲,oshima-hiyama,渡島・檜山地方,渡島
23226,hokuto,北斗,oshima-hiyama,渡島・檜山地方,渡島
23232,hakodate,函館,oshima-hiyama,渡島・檜山地方,渡島
23326,kikonai,木古内,oshima-hiyama,渡島・檜山地方,渡島
23376,matsumae,松前,oshima-hiyama,渡島・檜山地方,渡島
24141,kumaishi,熊石,oshima-hiyama,渡島・檜山地方,渡島
24041,setana,せたな,oshima-hiyama,渡島・檜山地方,檜山
24051,imakane,今金,oshima-hiyama,渡島・檜山地方,檜山
24101,okushiri,奥尻,oshima-hiyama,渡島・檜山地方,檜山
24201,uzura,鶉,oshima-hiyama,渡島・檜山地方,檜山
24217,esashi,江差,oshima-hiyama,渡島・檜山地方,檜山
31001,oma,大間,aomori,青森県,青森
31111,mutsu,むつ,aomori,青森県,青森
31121,odanosawa,小田野沢,aomori,青森県,青森
31136,imabetsu,今別,aomori,青森県,青森
31156,wakinosawa,脇野沢,aomori,青森県,青森
31186,shiura,市浦,aomori,青森県,青森
31201,kanita,蟹田,aomori,青森県,青森
31296,goshogawara,五所川原,aomori,青森県,青森
31312,aomori,青森,aomori,青森県,青森
31332,noheji,野辺地,aomori,青森県,青森
31336,rokkasho,六ケ所,aomori,青森県,青森
31366,ajigasawa,鰺ケ沢,aomori,青森県,青森
31436,fukaura,深浦,aomori,青森県,青森
31461,hirosaki,弘前,aomori,青森県,青森
31466,kuroishi,黒石,aomori,青森県,青森
31482,sukayu,酸ケ湯,aomori,青森県,青森
31506,misawa,三沢,aomori,青森県,青森
31586,towada,十和田,aomori,青森県,青森
31602,hachinohe,八戸,aomori,青森県,青森
31646,ikarigaseki,碇ケ関,aomori,青森県,青森
31662,yasumiya,休屋,aomori,青森県,青森
31721,sannohe,三戸,aomori,青森県,青森
32056,hachimori,八森,akita,秋田県,秋田
32111,noshiro,能代,akita,秋田県,秋田
32126,takanosu,鷹巣,akita,秋田県,秋田
32136,odate,大館,akita,秋田県,秋田
32146,kazuno,鹿角,akita,秋田県,秋田
32206,yuze,湯瀬,akita,秋田県,秋田
32266,hachimantai,八幡平,akita,秋田県,秋田
32286,oga,男鹿,akita,秋田県,秋田
32287,ogata,大潟,akita,秋田県,秋田
32296,gojome,五城目,akita,秋田県,秋田
32311,aniai,阿仁合,akita,秋田県,秋田
32402,akita,秋田,akita,秋田県,秋田
32407,iwamisannai,岩見三内,akita,秋田県,秋田
32466,kakunodate,角館,akita,秋田県,秋田
32476,tazawako,田沢湖,akita,秋田県,秋田
32496,daishoji,大正寺,akita,秋田県,秋田
32551,omagari,大曲,akita,秋田県,秋田
32571,honjo,本荘,akita,秋田県,秋田
32581,higashiyuri,東由利,akita,秋田県,秋田
32596,yokote,横手,akita,秋田県,秋田
32616,nikaho,にかほ,akita,秋田県,秋田
32626,yashima,矢島,akita,秋田県,秋田
32691,yuzawa,湯沢,akita,秋田県,秋田
32771,yunotai,湯の岱,akita,秋田県,秋田
33006,taneichi,種市,iwate,岩手県,岩手
33026,karumai,軽米,iwate,岩手県,岩手
33071,ninohe,二戸,iwate,岩手県,岩手
33136,yamagata,山形,iwate,岩手県,岩手
33146,kuji,久慈,iwate,岩手県,岩手
33166,araya,荒屋,iwate,岩手県,岩手
33176,okunakayama,奥中山,iwate,岩手県,岩手
33186,kuzumaki,葛巻,iwate,岩手県,岩手
33206,fudai,普代,iwate,岩手県,岩手
33226,iwatematsuo,岩手松尾,iwate,岩手県,岩手
33296,koma,好摩,iwate,岩手県,岩手
33326,iwaizumi,岩泉,iwate,岩手県,岩手
33336,omoto,小本,iwate,岩手県,岩手
33371,yabukawa,薮川,iwate,岩手県,岩手
33421,shizukuishi,雫石,iwate,岩手県,岩手
33431,morioka,盛岡,iwate,岩手県,岩手
33441,kuzakai,区界,iwate,岩手県,岩手
33472,miyako,宮古,iwate,岩手県,岩手
33486,sawauchi,沢内,iwate,岩手県,岩手
33501,shiwa,紫波,iwate,岩手県,岩手
33526,kawai,川井,iwate,岩手県,岩手
33581,ohasama,大迫,iwate,岩手県,岩手
33616,yamada,山田,iwate,岩手県,岩手
33631,yuda,湯田,iwate,岩手県,岩手
33671,toono,遠野,iwate,岩手県,岩手
33716,kitakami,北上,iwate,岩手県,岩手
33751,kamaishi,釜石,iwate,岩手県,岩手
33776,wakayanagi,若柳,iwate,岩手県,岩手
33781,esashi,江刺,iwate,岩手県,岩手
33801,sumita,住田,iwate,岩手県,岩手
33877,ofunato,大船渡,iwate,岩手県,岩手
33911,ichinoseki,一関,iwate,岩手県,岩手
33921,semmaya,千厩,iwate,岩手県,岩手
34012,komanoyu,駒ノ湯,miyagi,宮城県,宮城
34026,kesennuma,気仙沼,miyagi,宮城県,宮城
34096,kawatabi,川渡,miyagi,宮城県,宮城
34111,tsukidate,築館,miyagi,宮城県,宮城
34171,yoneyama,米山,miyagi,宮城県,宮城
34186,shizugawa,志津川,miyagi,宮城県,宮城
34216,furukawa,古川,miyagi,宮城県,宮城
34266,ohira,大衡,miyagi,宮城県,宮城
34276,kashimadai,鹿島台,miyagi,宮城県,宮城
34292,ishinomaki,石巻,miyagi,宮城県,宮城
34296,onagawa,女川,miyagi,宮城県,宮城
34311,nikkawa,新川,miyagi,宮城県,宮城
34331,shiogama,塩釜,miyagi,宮城県,宮城
34392,sendai,仙台,miyagi,宮城県,宮城
34461,shiroishi,白石,miyagi,宮城県,宮城
34462,zao,蔵王,miyagi,宮城県,宮城
34471,watari,亘理,miyagi,宮城県,宮城
34506,marumori,丸森,miyagi,宮城県,宮城
35002,tobishima,飛島,yamagata,山形県,山形
35052,sakata,酒田,yamagata,山形県,山形
35071,sasunabe,差首鍋,yamagata,山形県,山形
35116,kaneyama,金山,yamagata,山形県,山形
35141,tsuruoka,鶴岡,yamagata,山形県,山形
35146,karikawa,狩川,yamagata,山形県,山形
35162,shinjo,新庄,yamagata,山形県,山形
35176,mukaimachi,向町,yamagata,山形県,山形
35216,hijiori,肘折,yamagata,山形県,山形
35231,obanazawa,尾花沢,yamagata,山形県,山形
35246,nezugaseki,鼠ケ関,yamagata,山形県,山形
35332,murayama,村山,yamagata,山形県,山形
35361,oisawa,大井沢,yamagata,山形県,山形
35376,aterazawa,左沢,yamagata,山形県,山形
35426,yamagata,山形,yamagata,山形県,山形
35456,nagai,長井,yamagata,山形県,山形
35486,oguni,小国,yamagata,山形県,山形
35511,takahata,高畠,yamagata,山形県,山形
35541,takamine,高峰,yamagata,山形県,山形
35552,yonezawa,米沢,yamagata,山形県,山形
36056,moniwa,茂庭,fukushima,福島県,福島
36066,yanagawa,梁川,fukushima,福島県,福島
36106,hibara,桧原,fukushima,福島県,福島
36127,fukushima,福島,fukushima,福島県,福島
36151,soma,相馬,fukushima,福島県,福島
36176,kitakata,喜多方,fukushima,福島県,福島
36196,washikura,鷲倉,fukushima,福島県,福島
36221,iitate,飯舘,fukushima,福島県,福島
36251,nishiaizu,西会津,fukushima,福島県,福島
36276,inawashiro,猪苗代,fukushima,福島県,福島
36291,nihommatsu,二本松,fukushima,福島県,福島
36342,kaneyama,金山,fukushima,福島県,福島
36361,wakamatsu,若松,fukushima,福島県,福島
36391,funehiki,船引,fukushima,福島県,福島
36411,namie,浪江,fukushima,福島県,福島
36426,tadami,只見,fukushima,福島県,福島
36476,kooriyama,郡山,fukushima,福島県,福島
36501,kawauchi,川内,fukushima,福島県,福島
36536,nango,南郷,fukushima,福島県,福島
36562,yumoto,湯本,fukushima,福島県,福島
36591,ononiimachi,小野新町,fukushima,福島県,福島
36611,hirono,広野,fukushima,福島県,福島
36641,tajima,田島,fukushima,福島県,福島
36667,shirakawa,白河,fukushima,福島県,福島
36676,ishikawa,石川,fukushima,福島県,福島
36716,hinoemata,桧枝岐,fukushima,福島県,福島
36821,higashishirakawa,東白川,fukushima,福島県,福島
36836,yamada,山田,fukushima,福島県,福島
36846,onahama,小名浜,fukushima,福島県,福島
40046,kitaibaraki,北茨城,ibaraki,茨城県,茨城
40061,daigo,大子,ibaraki,茨城県,茨城
40091,hitachiomiya,常陸大宮,ibaraki,茨城県,茨城
40136,hitachi,日立,ibaraki,茨城県,茨城
40191,kasama,笠間,ibaraki,茨城県,茨城
40201,mito,水戸,ibaraki,茨城県,茨城
40221,koga,古河,ibaraki,茨城県,茨城
40231,shimodate,下館,ibaraki,茨城県,茨城
40281,shimotsuma,下妻,ibaraki,茨城県,茨城
40311,hokota,鉾田,ibaraki,茨城県,茨城
40336,tsukuba,つくば,ibaraki,茨城県,茨城
40341,tsuchiura,土浦,ibaraki,茨城県,茨城
40406,kashima,鹿嶋,ibaraki,茨城県,茨城
40426,ryugasaki,龍ケ崎,ibaraki,茨城県,茨城
41011,nasu-kogen,那須高原,tochigi,栃木県,栃木
41076,ikari,五十里,tochigi,栃木県,栃木
41091,kuroiso,黒磯,tochigi,栃木県,栃木
41116,dorobu,土呂部,tochigi,栃木県,栃木
41141,otawara,大田原,tochigi,栃木県,栃木
41166,okunikko,奥日光,tochigi,栃木県,栃木
41172,nikko-higashimachi,日光東町,tochigi,栃木県,栃木
41181,shioya,塩谷,tochigi,栃木県,栃木
41247,nasu-karasuyama,那須烏山,tochigi,栃木県,栃木
41271,kanuma,鹿沼,tochigi,栃木県,栃木
41277,utsunomiya,宇都宮,tochigi,栃木県,栃木
41331,mooka,真岡,tochigi,栃木県,栃木
41361,sano,佐野,tochigi,栃木県,栃木
41376,oyama,小山,tochigi,栃木県,栃木
42046,fujiwara,藤原,gunma,群馬県,群馬
42091,minakami,みなかみ,gunma,群馬県,群馬
42121,kusatsu,草津,gunma,群馬県,群馬
42146,numata,沼田,gunma,群馬県,群馬
42186,nakanojo,中之条,gunma,群馬県,群馬
42221,tashiro,田代,gunma,群馬県,群馬
42251,maebashi,前橋,gunma,群馬県,群馬
42266,kiryu,桐生,gunma,群馬県,群馬
42286,kamisatomi,上里見,gunma,群馬県,群馬
42302,isesaki,伊勢崎,gunma,群馬県,群馬
42326,nishi-nomaki,西野牧,gunma,群馬県,群馬
42366,tatebayashi,館林,gunma,群馬県,群馬
42396,kanna,神流,gunma,群馬県,群馬
43051,yorii,寄居,saitama,埼玉県,埼玉
43056,kumagaya,熊谷,saitama,埼玉県,埼玉
43126,kuki,久喜,saitama,埼玉県,埼玉
43156,chichibu,秩父,saitama,埼玉県,埼玉
43171,hatoyama,鳩山,saitama,埼玉県,埼玉
43241,saitama,さいたま,saitama,埼玉県,埼玉
43256,koshigaya,越谷,saitama,埼玉県,埼玉
43266,tokorozawa,所沢,saitama,埼玉県,埼玉
44046,ogochi,小河内,tokyo,東京都,東京
44056,ome,青梅,tokyo,東京都,東京
44071,nerima,練馬,tokyo,東京都,東京
44112,hachioji,八王子,tokyo,東京都,東京
44116,fuchu,府中,tokyo,東京都,東京
44132,tokyo,東京,tokyo,東京都,東京
44136,edogawa-rinkai,江戸川臨海,tokyo,東京都,東京
44172,oshima,大島,tokyo,東京都,東京
44226,miyakejima,三宅島,tokyo,東京都,東京
44263,hachijojima,八丈島,tokyo,東京都,東京
44301,chichijima,父島,tokyo,東京都,東京
45061,abiko,我孫子,chiba,千葉県,千葉
45081,katori,香取,chiba,千葉県,千葉
45106,funabashi,船橋,chiba,千葉県,千葉
45116,sakura,佐倉,chiba,千葉県,千葉
45147,choshi,銚子,chiba,千葉県,千葉
45181,yokoshibahikari,横芝光,chiba,千葉県,千葉
45212,chiba,千葉,chiba,千葉県,千葉
45261,mobara,茂原,chiba,千葉県,千葉
45282,kisarazu,木更津,chiba,千葉県,千葉
45291,ushiku,牛久,chiba,千葉県,千葉
45326,sakahata,坂畑,chiba,千葉県,千葉
45361,kamogawa,鴨川,chiba,千葉県,千葉
45371,katsuura,勝浦,chiba,千葉県,千葉
45401,tateyama,館山,chiba,千葉県,千葉
46091,ebina,海老名,kanagawa,神奈川県,神奈川
46106,yokohama,横浜,kanagawa,神奈川県,神奈川
46141,tsujido,辻堂,kanagawa,神奈川県,神奈川
46166,odawara,小田原,kanagawa,神奈川県,神奈川
46211,miura,三浦,kanagawa,神奈川県,神奈川
48031,nozawaonsen,野沢温泉,nagano,長野県,長野
48061,shinanomachi,信濃町,nagano,長野県,長野
48066,iiyama,飯山,nagano,長野県,長野
48141,hakuba,白馬,nagano,長野県,長野
48156,nagano,長野,nagano,長野県,長野
48191,omachi,大町,nagano,長野県,長野
48196,shinshushimmachi,信州新町,nagano,長野県,長野
48216,sugadaira,菅平,nagano,長野県,長野
48256,ueda,上田,nagano,長野県,長野
48296,hotaka,穂高,nagano,長野県,長野
48321,tomi,東御,nagano,長野県,長野
48331,karuizawa,軽井沢,nagano,長野県,長野
48361,matsumoto,松本,nagano,長野県,長野
48381,tateshina,立科,nagano,長野県,長野
48386,saku,佐久,nagano,長野県,長野
48466,nagawa,奈川,nagano,長野県,長野
48491,suwa,諏訪,nagano,長野県,長野
48531,kaidakogen,開田高原,nagano,長野県,長野
48536,kiso-yabuhara,木祖薮原,nagano,長野県,長野
48546,tatsuno,辰野,nagano,長野県,長野
48561,haramura,原村,nagano,長野県,長野
48571,nobeyama,野辺山,nagano,長野県,長野
48606,kisofukushima,木曽福島,nagano,長野県,長野
48621,ina,伊那,nagano,長野県,長野
48717,nagiso,南木曽,nagano,長野県,長野
48731,iijima,飯島,nagano,長野県,長野
48767,iida,飯田,nagano,長野県,長野
48826,namiai,浪合,nagano,長野県,長野
48841,minamishinano,南信濃,nagano,長野県,長野
49036,oizumi,大泉,yamanashi,山梨県,山梨
49086,nirasaki,韮崎,yamanashi,山梨県,山梨
49142,kofu,甲府,yamanashi,山梨県,山梨
49151,katsunuma,勝沼,yamanashi,山梨県,山梨
49161,otsuki,大月,yamanashi,山梨県,山梨
49196,furuseki,古関,yamanashi,山梨県,山梨
49236,kiriishi,切石,yamanashi,山梨県,山梨
49251,kawaguchi-ko,河口湖,yamanashi,山梨県,山梨
49256,yamanaka,山中,yamanashi,山梨県,山梨
49316,nambu,南部,yamanashi,山梨県,山梨
50106,ikawa,井川,shizuoka,静岡県,静岡
50136,gotemba,御殿場,shizuoka,静岡県,静岡
50196,fuji,富士,shizuoka,静岡県,静岡
50206,mishima,三島,shizuoka,静岡県,静岡
50226,sakuma,佐久間,shizuoka,静岡県,静岡
50241,kawanehoncho,川根本町,shizuoka,静岡県,静岡
50261,shimizu,清水,shizuoka,静岡県,静岡
50281,ajiro,網代,shizuoka,静岡県,静岡
50331,shizuoka,静岡,shizuoka,静岡県,静岡
50386,tenryu,天竜,shizuoka,静岡県,静岡
50456,hamamatsu,浜松,shizuoka,静岡県,静岡
50476,kikugawa-makinohara,菊川牧之原,shizuoka,静岡県,静岡
50491,matsuzaki,松崎,shizuoka,静岡県,静岡
50506,inatori,稲取,shizuoka,静岡県,静岡
50536,iwata,磐田,shizuoka,静岡県,静岡
50551,omaezaki,御前崎,shizuoka,静岡県,静岡
50561,irozaki,石廊崎,shizuoka,静岡県,静岡
51031,aisai,愛西,aichi,愛知県,愛知
51071,inabu,稲武,aichi,愛知県,愛知
51106,nagoya,名古屋,aichi,愛知県,愛知
51116,toyota,豊田,aichi,愛知県,愛知
51216,obu,大府,aichi,愛知県,愛知
51226,okazaki,岡崎,aichi,愛知県,愛知
51247,shinshiro,新城,aichi,愛知県,愛知
51281,gamagoori,蒲郡,aichi,愛知県,愛知
51311,minamichita,南知多,aichi,愛知県,愛知
51331,toyohashi,豊橋,aichi,愛知県,愛知
51346,irako,伊良湖,aichi,愛知県,愛知
52041,kawai,河合,gifu,岐阜県,岐阜
52051,kamioka,神岡,gifu,岐阜県,岐阜
52081,shirakawa,白川,gifu,岐阜県,岐阜
52111,tochio,栃尾,gifu,岐阜県,岐阜
52146,takayama,高山,gifu,岐阜県,岐阜
52181,mumaya,六厩,gifu,岐阜県,岐阜
52196,miyanomae,宮之前,gifu,岐阜県,岐阜
52221,nagataki,長滝,gifu,岐阜県,岐阜
52286,hagiwara,萩原,gifu,岐阜県,岐阜
52331,hachiman,八幡,gifu,岐阜県,岐阜
52346,miyaji,宮地,gifu,岐阜県,岐阜
52381,tarumi,樽見,gifu,岐阜県,岐阜
52406,kanayama,金山,gifu,岐阜県,岐阜
52461,mino,美濃,gifu,岐阜県,岐阜
52482,kurokawa,黒川,gifu,岐阜県,岐阜
52511,ibigawa,揖斐川,gifu,岐阜県,岐阜
52536,minokamo,美濃加茂,gifu,岐阜県,岐阜
52556,ena,恵那,gifu,岐阜県,岐阜
52557,nakatsugawa,中津川,gifu,岐阜県,岐阜
52571,sekigahara,関ケ原,gifu,岐阜県,岐阜
52581,ogaki,大垣,gifu,岐阜県,岐阜
52586,gifu,岐阜,gifu,岐阜県,岐阜
52606,tajimi,多治見,gifu,岐阜県,岐阜
53041,kuwana,桑名,mie,三重県,三重
53061,yokkaichi,四日市,mie,三重県,三重
53091,kameyama,亀山,mie,三重県,三重
53112,ueno,上野,mie,三重県,三重
53133,tsu,津,mie,三重県,三重
53196,obata,小俣,mie,三重県,三重
53231,kayumi,粥見,mie,三重県,三重
53257,toba,鳥羽,mie,三重県,三重
53296,minamiise,南伊勢,mie,三重県,三重
53326,kii-nagashima,紀伊長島,mie,三重県,三重
53378,owase,尾鷲,mie,三重県,三重
53401,kumanoatashika,熊野新鹿,mie,三重県,三重
54012,awashima,粟島,niigata,新潟県,新潟
54041,hagikizaki,弾崎,niigata,新潟県,新潟
54086,murakami,村上,niigata,新潟県,新潟
54157,aikawa,相川,niigata,新潟県,新潟
54166,ryotsu,両津,niigata,新潟県,新潟
54181,nakajo,中条,niigata,新潟県,新潟
54191,shimoseki,下関,niigata,新潟県,新潟
54232,niigata,新潟,niigata,新潟県,新潟
54271,hamochi,羽茂,niigata,新潟県,新潟
54296,niitsu,新津,niigata,新潟県,新潟
54341,maki,巻,niigata,新潟県,新潟
54387,teradomari,寺泊,niigata,新潟県,新潟
54396,sanjo,三条,niigata,新潟県,新潟
54421,tsugawa,津川,niigata,新潟県,新潟
54501,nagaoka,長岡,niigata,新潟県,新潟
54541,kashiwazaki,柏崎,niigata,新潟県,新潟
54566,sumon,守門,niigata,新潟県,新潟
54586,ogata,大潟,niigata,新潟県,新潟
54616,koide,小出,niigata,新潟県,新潟
54651,takada,高田,niigata,新潟県,新潟
54661,yasuzuka,安塚,niigata,新潟県,新潟
54676,tokamachi,十日町,niigata,新潟県,新潟
54711,itoigawa,糸魚川,niigata,新潟県,新潟
54721,no,能生,niigata,新潟県,新潟
54816,sekiyama,関山,niigata,新潟県,新潟
54836,tsunan,津南,niigata,新潟県,新潟
54841,yuzawa,湯沢,niigata,新潟県,新潟
55022,asahi,朝日,toyama,富山県,富山
55041,himi,氷見,toyama,富山県,富山
55056,uozu,魚津,toyama,富山県,富山
55091,fushiki,伏木,toyama,富山県,富山
55102,toyama,富山,toyama,富山県,富山
55141,tonami,砺波,toyama,富山県,富山
55166,kamiichi,上市,toyama,富山県,富山
55191,nantotakamiya,南砺高宮,toyama,富山県,富山
55206,yatsuo,八尾,toyama,富山県,富山
56036,suzu,珠洲,ishikawa,石川県,石川
56052,wajima,輪島,ishikawa,石川県,石川
56116,shika,志賀,ishikawa,石川県,石川
56146,nanao,七尾,ishikawa,石川県,石川
56176,hakui,羽咋,ishikawa,石川県,石川
56186,kahoku,かほく,ishikawa,石川県,石川
56227,kanazawa,金沢,ishikawa,石川県,石川
56276,komatsu,小松,ishikawa,石川県,石川
56286,hakusan-kawachi,白山河内,ishikawa,石川県,石川
56301,kaga-nakatsuhara,加賀中津原,ishikawa,石川県,石川
57001,mikuni,三国,fukui,福井県,福井
57051,koshino,越廼,fukui,福井県,福井
57066,fukui,福井,fukui,福井県,福井
57082,katsuyama,勝山,fukui,福井県,福井
57121,ono,大野,fukui,福井県,福井
57206,imajo,今庄,fukui,福井県,福井
57248,tsuruga,敦賀,fukui,福井県,福井
57286,mihama,美浜,fukui,福井県,福井
57317,obama,小浜,fukui,福井県,福井
60051,imazu,今津,shiga,滋賀県,滋賀
60061,nagahama,長浜,shiga,滋賀県,滋賀
60102,maibara,米原,shiga,滋賀県,滋賀
60116,minamikomatsu,南小松,shiga,滋賀県,滋賀
60131,hikone,彦根,shiga,滋賀県,滋賀
60196,higashiomi,東近江,shiga,滋賀県,滋賀
60216,otsu,大津,shiga,滋賀県,滋賀
60226,shigaraki,信楽,shiga,滋賀県,滋賀
60236,tsuchiyama,土山,shiga,滋賀県,滋賀
61001,taiza,間人,kyoto,京都府,京都
61076,miyazu,宮津,kyoto,京都府,京都
61111,maizuru,舞鶴,kyoto,京都府,京都
61187,fukuchiyama,福知山,kyoto,京都府,京都
61206,miyama,美山,kyoto,京都府,京都
61242,sonobe,園部,kyoto,京都府,京都
61286,kyoto,京都,kyoto,京都府,京都
61326,kyotanabe,京田辺,kyoto,京都府,京都
62016,nose,能勢,osaka,大阪府,大阪
62046,hirakata,枚方,osaka,大阪府,大阪
62078,osaka,大阪,osaka,大阪府,大阪
62081,ikomayama,生駒山,osaka,大阪府,大阪
62091,sakai,堺,osaka,大阪府,大阪
62131,kumatori,熊取,osaka,大阪府,大阪
63016,kasumi,香住,hyogo,兵庫県,兵庫
63051,toyo-oka,豊岡,hyogo,兵庫県,兵庫
63071,uwanokogen,兎和野高原,hyogo,兵庫県,兵庫
63121,wadayama,和田山,hyogo,兵庫県,兵庫
63201,ikuno,生野,hyogo,兵庫県,兵庫
63216,kaibara,柏原,hyogo,兵庫県,兵庫
63251,ichinomiya,一宮,hyogo,兵庫県,兵庫
63321,fukusaki,福崎,hyogo,兵庫県,兵庫
63331,nishiwaki,西脇,hyogo,兵庫県,兵庫
63366,kamigori,上郡,hyogo,兵庫県,兵庫
63383,himeji,姫路,hyogo,兵庫県,兵庫
63411,sanda,三田,hyogo,兵庫県,兵庫
63461,miki,三木,hyogo,兵庫県,兵庫
63491,ieshima,家島,hyogo,兵庫県,兵庫
63496,akashi,明石,hyogo,兵庫県,兵庫
63518,kobe,神戸,hyogo,兵庫県,兵庫
63551,gunge,郡家,hyogo,兵庫県,兵庫
63571,sumoto,洲本,hyogo,兵庫県,兵庫
63588,nandan,南淡,hyogo,兵庫県,兵庫
64036,nara,奈良,nara,奈良県,奈良
64041,hari,針,nara,奈良県,奈良
64101,ouda,大宇陀,nara,奈良県,奈良
64127,gojo,五條,nara,奈良県,奈良
64206,kamikitayama,上北山,nara,奈良県,奈良
64227,kazeya,風屋,nara,奈良県,奈良
65026,katsuragi,かつらぎ,wakayama,和歌山県,和歌山
65036,tomogashima,友ケ島,wakayama,和歌山県,和歌山
65042,wakayama,和歌山,wakayama,和歌山県,和歌山
65061,koyasan,高野山,wakayama,和歌山県,和歌山
65121,shimizu,清水,wakayama,和歌山県,和歌山
65162,ryujin,龍神,wakayama,和歌山県,和歌山
65201,kawabe,川辺,wakayama,和歌山県,和歌山
65256,kurisugawa,栗栖川,wakayama,和歌山県,和歌山
65276,shingu,新宮,wakayama,和歌山県,和歌山
65306,nishikawa,西川,wakayama,和歌山県,和歌山
65356,shionomisaki,潮岬,wakayama,和歌山県,和歌山
66046,kaminagata,上長田,okayama,岡山県,岡山
66091,chiya,千屋,okayama,岡山県,岡山
66127,nagi,奈義,okayama,岡山県,岡山
66136,imaoka,今岡,okayama,岡山県,岡山
66171,kuse,久世,okayama,岡山県,岡山
66186,tsuyama,津山,okayama,岡山県,岡山
66221,niimi,新見,okayama,岡山県,岡山
66296,fukuwatari,福渡,okayama,岡山県,岡山
66306,wake,和気,okayama,岡山県,岡山
66336,takahashi,高梁,okayama,岡山県,岡山
66408,okayama,岡山,okayama,岡山県,岡山
66421,mushiage,虫明,okayama,岡山県,岡山
66446,kurashiki,倉敷,okayama,岡山県,岡山
66481,kasaoka,笠岡,okayama,岡山県,岡山
66501,tamano,玉野,okayama,岡山県,岡山
67016,takano,高野,hiroshima,広島県,広島
67106,miyoshi,三次,hiroshima,広島県,広島
67116,shobara,庄原,hiroshima,広島県,広島
67151,oasa,大朝,hiroshima,広島県,広島
67191,yuki,油木,hiroshima,広島県,広島
67212,kake,加計,hiroshima,広島県,広島
67292,miiri,三入,hiroshima,広島県,広島
67316,sera,世羅,hiroshima,広島県,広島
67326,fuchu,府中,hiroshima,広島県,広島
67376,higashihiroshima,東広島,hiroshima,広島県,広島
67401,fukuyama,福山,hiroshima,広島県,広島
67421,hatsukaichitsuta,廿日市津田,hiroshima,広島県,広島
67437,hiroshima,広島,hiroshima,広島県,広島
67461,takehara,竹原,hiroshima,広島県,広島
67471,ikuchijima,生口島,hiroshima,広島県,広島
67496,otake,大竹,hiroshima,広島県,広島
67511,kure,呉,hiroshima,広島県,広島
67576,kure-shi-kamagari,呉市蒲刈,hiroshima,広島県,広島
68022,saigo,西郷,shimane,島根県,島根
68056,ama,海士,shimane,島根県,島根
68091,kashima,鹿島,shimane,島根県,島根
68132,matsue,松江,shimane,島根県,島根
68156,izumo,出雲,shimane,島根県,島根
68246,oda,大田,shimane,島根県,島根
68261,kakeya,掛合,shimane,島根県,島根
68276,yokota,横田,shimane,島根県,島根
68306,akana,赤名,shimane,島根県,島根
68351,kawamoto,川本,shimane,島根県,島根
68376,hamada,浜田,shimane,島根県,島根
68401,mizuho,瑞穂,shimane,島根県,島根
68431,yasaka,弥栄,shimane,島根県,島根
68462,masuda,益田,shimane,島根県,島根
68516,tsuwano,津和野,shimane,島根県,島根
68541,yoshika,吉賀,shimane,島根県,島根
69006,sakai,境,tottori,鳥取県,鳥取
69021,shiotsu,塩津,tottori,鳥取県,鳥取
69041,aoya,青谷,tottori,鳥取県,鳥取
69061,iwai,岩井,tottori,鳥取県,鳥取
69076,yonago,米子,tottori,鳥取県,鳥取
69101,kurayoshi,倉吉,tottori,鳥取県,鳥取
69122,tottori,鳥取,tottori,鳥取県,鳥取
69246,chizu,智頭,tottori,鳥取県,鳥取
69271,cyaya,茶屋,tottori,鳥取県,鳥取
81011,susa,須佐,yamaguchi,山口県,山口
81071,hagi,萩,yamaguchi,山口県,山口
81116,yuya,油谷,yamaguchi,山口県,山口
81151,tokusa,徳佐,yamaguchi,山口県,山口
81196,akiyoshidai,秋吉台,yamaguchi,山口県,山口
81231,hirose,広瀬,yamaguchi,山口県,山口
81266,toyota,豊田,yamaguchi,山口県,山口
81286,yamaguchi,山口,yamaguchi,山口県,山口
81321,iwakuni,岩国,yamaguchi,山口県,山口
81371,hofu,防府,yamaguchi,山口県,山口
81386,kudamatsu,下松,yamaguchi,山口県,山口
81397,kuga,玖珂,yamaguchi,山口県,山口
81428,shimonoseki,下関,yamaguchi,山口県,山口
81481,yanai,柳井,yamaguchi,山口県,山口
81486,agenosho,安下庄,yamaguchi,山口県,山口
71066,ikeda,池田,tokushima,徳島県,徳島
71087,anabuki,穴吹,tokushima,徳島県,徳島
71106,tokushima,徳島,tokushima,徳島県,徳島
71191,kyojo,京上,tokushima,徳島県,徳島
71231,kamoda,蒲生田,tokushima,徳島県,徳島
71251,kito,木頭,tokushima,徳島県,徳島
71266,hiwasa,日和佐,tokushima,徳島県,徳島
71291,kaiyo,海陽,tokushima,徳島県,徳島
72061,uchinomi,内海,kagawa,香川県,香川
72086,takamatsu,高松,kagawa,香川県,香川
72111,tadotsu,多度津,kagawa,香川県,香川
72121,takinomiya,滝宮,kagawa,香川県,香川
72146,hiketa,引田,kagawa,香川県,香川
72161,saita,財田,kagawa,香川県,香川
73001,omishima,大三島,ehime,愛媛県,愛媛
73076,imabari,今治,ehime,愛媛県,愛媛
73126,saijo,西条,ehime,愛媛県,愛媛
73141,niihama,新居浜,ehime,愛媛県,愛媛
73151,shikoku-chuo,四国中央,ehime,愛媛県,愛媛
73166,matsuyama,松山,ehime,愛媛県,愛媛
73256,nagahama,長浜,ehime,愛媛県,愛媛
73276,kuma,久万,ehime,愛媛県,愛媛
73306,ozu,大洲,ehime,愛媛県,愛媛
73341,seto,瀬戸,ehime,愛媛県,愛媛
73406,uwa,宇和,ehime,愛媛県,愛媛
73442,uwajima,宇和島,ehime,愛媛県,愛媛
73446,chikanaga,近永,ehime,愛媛県,愛媛
73516,misho,御荘,ehime,愛媛県,愛媛
74056,hongawa,本川,kochi,高知県,高知
74071,motoyama,本山,kochi,高知県,高知
74136,odochi,大栃,kochi,高知県,高知
74182,kochi,高知,kochi,高知県,高知
74187,gomen,後免,kochi,高知県,高知
74271,aki,安芸,kochi,高知県,高知
74296,yusuhara,梼原,kochi,高知県,高知
74311,susaki,須崎,kochi,高知県,高知
74361,kubokawa,窪川,kochi,高知県,高知
74372,murotomisaki,室戸岬,kochi,高知県,高知
74381,ekawasaki,江川崎,kochi,高知県,高知
74436,saga,佐賀,kochi,高知県,高知
74447,sukumo,宿毛,kochi,高知県,高知
74456,nakamura,中村,kochi,高知県,高知
74516,shimizu,清水,kochi,高知県,高知
82046,munakata,宗像,fukuoka,福岡県,福岡
82056,yahata,八幡,fukuoka,福岡県,福岡
82101,yukuhashi,行橋,fukuoka,福岡県,福岡
82136,iizuka,飯塚,fukuoka,福岡県,福岡
82171,maebaru,前原,fukuoka,福岡県,福岡
82182,fukuoka,福岡,fukuoka,福岡県,福岡
82191,dazaifu,太宰府,fukuoka,福岡県,福岡
82206,soeda,添田,fukuoka,福岡県,福岡
82261,asakura,朝倉,fukuoka,福岡県,福岡
82306,kurume,久留米,fukuoka,福岡県,福岡
82317,kurogi,黒木,fukuoka,福岡県,福岡
82361,omuta,大牟田,fukuoka,福岡県,福岡
83021,kunimi,国見,oita,大分県,大分
83051,nakatsu,中津,oita,大分県,大分
83061,bungotakada,豊後高田,oita,大分県,大分
83106,innai,院内,oita,大分県,大分
83121,kitsuki,杵築,oita,大分県,大分
83137,hita,日田,oita,大分県,大分
83191,kusu,玖珠,oita,大分県,大分
83201,yufuin,湯布院,oita,大分県,大分
83216,oita,大分,oita,大分県,大分
83341,inukai,犬飼,oita,大分県,大分
83371,taketa,竹田,oita,大分県,大分
83401,saiki,佐伯,oita,大分県,大分
83431,ume,宇目,oita,大分県,大分
83476,kamae,蒲江,oita,大分県,大分
84012,waniura,鰐浦,nagasaki,長崎県,長崎
84072,izuhara,厳原,nagasaki,長崎県,長崎
84121,ashibe,芦辺,nagasaki,長崎県,長崎
84171,hirado,平戸,nagasaki,長崎県,長崎
84183,matsuura,松浦,nagasaki,長崎県,長崎
84266,sasebo,佐世保,nagasaki,長崎県,長崎
84306,saikai,西海,nagasaki,長崎県,長崎
84341,arikawa,有川,nagasaki,長崎県,長崎
84496,nagasaki,長崎,nagasaki,長崎県,長崎
84519,unzendake,雲仙岳,nagasaki,長崎県,長崎
84523,shimabara,島原,nagasaki,長崎県,長崎
84536,fukue,福江,nagasaki,長崎県,長崎
84561,kuchinotsu,口之津,nagasaki,長崎県,長崎
84597,wakimisaki,脇岬,nagasaki,長崎県,長崎
85033,karatsu,唐津,saga,佐賀県,佐賀
85116,imari,伊万里,saga,佐賀県,佐賀
85142,saga,佐賀,saga,佐賀県,佐賀
85161,ureshino,嬉野,saga,佐賀県,佐賀
85166,shiroishi,白石,saga,佐賀県,佐賀
86006,kahoku,鹿北,kumamoto,熊本県,熊本
86066,minamioguni,南小国,kumamoto,熊本県,熊本
86086,taimei,岱明,kumamoto,熊本県,熊本
86101,kikuchi,菊池,kumamoto,熊本県,熊本
86111,aso-otohime,阿蘇乙姫,kumamoto,熊本県,熊本
86141,kumamoto,熊本,kumamoto,熊本県,熊本
86157,minamiaso,南阿蘇,kumamoto,熊本県,熊本
86161,takamori,高森,kumamoto,熊本県,熊本
86216,misumi,三角,kumamoto,熊本県,熊本
86236,kosa,甲佐,kumamoto,熊本県,熊本
86271,matsushima,松島,kumamoto,熊本県,熊本
86316,hondo,本渡,kumamoto,熊本県,熊本
86336,yatsushiro,八代,kumamoto,熊本県,熊本
86451,minamata,水俣,kumamoto,熊本県,熊本
86467,hitoyoshi,人吉,kumamoto,熊本県,熊本
86477,ue,上,kumamoto,熊本県,熊本
86491,ushibuka,牛深,kumamoto,熊本県,熊本
87041,takachiho,高千穂,miyazaki,宮崎県,宮崎
87066,furue,古江,miyazaki,宮崎県,宮崎
87071,kuraoka,鞍岡,miyazaki,宮崎県,宮崎
87141,nobeoka,延岡,miyazaki,宮崎県,宮崎
87181,hyuga,日向,miyazaki,宮崎県,宮崎
87206,mikado,神門,miyazaki,宮崎県,宮崎
87231,nishi-mera,西米良,miyazaki,宮崎県,宮崎
87293,takanabe,高鍋,miyazaki,宮崎県,宮崎
87301,kakuto,加久藤,miyazaki,宮崎県,宮崎
87331,saito,西都,miyazaki,宮崎県,宮崎
87352,kobayashi,小林,miyazaki,宮崎県,宮崎
87376,miyazaki,宮崎,miyazaki,宮崎県,宮崎
87406,tano,田野,miyazaki,宮崎県,宮崎
87426,miyakonojo,都城,miyazaki,宮崎県,宮崎
87492,aburatsu,油津,miyazaki,宮崎県,宮崎
87501,kushima,串間,miyazaki,宮崎県,宮崎
88061,akune,阿久根,kagoshima,鹿児島県 (奄美地方除く),鹿児島
88081,okuchi,大口,kagoshima,鹿児島県 (奄美地方除く),鹿児島
88107,satsumakashiwabaru,さつま柏原,kagoshima,鹿児島県 (奄美地方除く),鹿児島
88131,nakakoshiki,中甑,kagoshima,鹿児島県 (奄美地方除く),鹿児島
88151,sendai,川内,kagoshima,鹿児島県 (奄美地方除く),鹿児島
88261,higashiichiki,東市来,kagoshima,鹿児島県 (奄美地方除く),鹿児島
88286,makinohara,牧之原,kagoshima,鹿児島県 (奄美地方除く),鹿児島
88317,kagoshima,鹿児島,kagoshima,鹿児島県 (奄美地方除く),鹿児島
88331,kihoku,輝北,kagoshima,鹿児島県 (奄美地方除く),鹿児島
88371,kaseda,加世田,kagoshima,鹿児島県 (奄美地方除く),鹿児島
88406,shibushi,志布志,kagoshima,鹿児島県 (奄美地方除く),鹿児島
88432,kiire,喜入,kagoshima,鹿児島県 (奄美地方除く),鹿児島
88442,kanoya,鹿屋,kagoshima,鹿児島県 (奄美地方除く),鹿児島
88447,kimotsukimaeda,肝付前田,kagoshima,鹿児島県 (奄美地方除く),鹿児島
88466,makurazaki,枕崎,kagoshima,鹿児島県 (奄美地方除く),鹿児島
88486,ibusuki,指宿,kagoshima,鹿児島県 (奄美地方除く),鹿児島
88506,uchinoura,内之浦,kagoshima,鹿児島県 (奄美地方除く),鹿児島
88536,tashiro,田代,kagoshima,鹿児島県 (奄美地方除く),鹿児島
88612,tanegashima,種子島,kagoshima,鹿児島県 (奄美地方除く),鹿児島
88666,kaminaka,上中,kagoshima,鹿児島県 (奄美地方除く),鹿児島
88686,yakushima,屋久島,kagoshima,鹿児島県 (奄美地方除く),鹿児島
88706,onoaida,尾之間,kagoshima,鹿児島県 (奄美地方除く),鹿児島
88736,nakanoshima,中之島,kagoshima,鹿児島県 (奄美地方除く),鹿児島
88836,naze,名瀬,amami,奄美地方 (鹿児島県),鹿児島
88901,koniya,古仁屋,amami,奄美地方 (鹿児島県),鹿児島
88956,isen,伊仙,amami,奄美地方 (鹿児島県),鹿児島
88971,okinoerabu,沖永良部,amami,奄美地方 (鹿児島県),鹿児島
91011,izena,伊是名,okinawa,沖縄本島地方,沖縄
91021,oku,奥,okinawa,沖縄本島地方,沖縄
91107,nago,名護,okinawa,沖縄本島地方,沖縄
91146,kumejima,久米島,okinawa,沖縄本島地方,沖縄
91166,miyagijima,宮城島,okinawa,沖縄本島地方,沖縄
91181,tokashiki,渡嘉敷,okinawa,沖縄本島地方,沖縄
91197,naha,那覇,okinawa,沖縄本島地方,沖縄
91241,itokazu,糸数,okinawa,沖縄本島地方,沖縄
92011,minami-daito,南大東,daitojima,大東島地方,沖縄
93041,miyakojima,宮古島,miyakojima,宮古島地方,沖縄
94001,ibaruma,伊原間,yaeyama,八重山地方,沖縄
94017,yonagunijima,与那国島,yaeyama,八重山地方,沖縄
94062,iriomotejima,西表島,yaeyama,八重山地方,沖縄
94081,ishigakijima,石垣島,yaeyama,八重山地方,沖縄
94101,ohara,大原,yaeyama,八重山地方,沖縄
94116,hateruma,波照間,yaeyama,八重山地方,沖縄